suppkey,availqty,supplycost,ps_comment,s_name,s_address,s_phone,s_acctbal
6626,3139.0,333.19,"l, special requests during the thinly final accounts are about the quickly even pinto beans. slyly final ideas cajole quickly around the carefully bold instruc",Supplier#000006626,"ObYBeLozdoDjS7f791dqrXWBgfQR7xwOigm ,eVg",26-897-536-6470,933.88
4068,7833.0,343.01,"y final foxes cajole slyly final ideas. final deposits run carefully. pending, bold packages hagg",Supplier#000004068,w2MniB04fvEPPAHTfEi1bS3e7eQboYSB2bq,22-290-743-7808,-963.24
9873,,,,Supplier#000009873,"Wimi5d8,sllO,5K8I",29-173-736-8712,669.96
4772,2400.0,704.72, dolphins cajole against the carefully express dependencies. express accounts sl,Supplier#000004772,IPyqnSZVJWuh,12-584-949-6906,3648.64
4582,2756.0,696.82,sits. regular theodolites are after the platelets. slyly ironic packages are along the,Supplier#000004582,"WB0XkCSG3r,mnQ n,h9VIxjjr9ARHFvKgMDf",32-587-577-1351,9094.57
6094,3596.0,159.86,"ate even, bold packages. pinto beans are furiously. unusual frets wake blithely-- carefully sl",Supplier#000006094,wq6EZr3njrSo0bUx50jU4cBWH14CEmNd,10-455-358-9844,2521.1
9419,,,,Supplier#000009419,ltaHUzApJXC3j1YFLoOvzzgG,27-444-956-1077,1891.16
7508,6925.0,937.09,slyly. special deposits nag blithely regular request,Supplier#000007508,YnSNa1CMGO,25-545-852-1929,643.93
5480,5736.0,189.55,"platelets haggle silent, regular asymptotes. blithely special instructions cajole above the regular platelets. special, r",Supplier#000005480,"p5nxeK27Qq5QrcMGlfwTQ,3sqfFIt,38J1kDM1Tf",34-491-455-9061,8541.08
